categoria,conteo_total,promedio_por_minuto
Auto,20,59.88023952095809
Camión,4,11.976047904191619
Bus,4,11.976047904191619
Peatón,2,5.988023952095809
